"indID","Age","nOffspring"
"I0002",4,0
"I0002",5,0
"I0002",6,0
"I0002",7,0
"I0002",8,0
"I0002",9,1
"I0002",10,0
"I0002",11,0
"I0002",12,0
"I0002",13,0
"I0002",14,0
"I0002",15,0
"I0002",16,0
"I0002",17,0
"I0002",18,0
"I0002",19,0
"I0002",20,0
"I0002",21,0
"I0002",22,0
"I0019",4,0
"I0019",5,0
"I0019",6,2
"I0019",7,0
"I0019",8,1
"I0019",9,0
"I0019",10,0
"I0019",11,0
"I0019",12,1
"I0019",13,0
"I0019",14,0
"I0019",15,0
"I0031",4,0
"I0031",5,0
"I0031",6,0
"I0031",7,0
"I0031",8,0
"I0031",9,0
"I0031",10,0
"I0031",11,0
"I0031",12,0
"I0031",13,0
"I0031",14,1
"I0031",15,0
"I0031",16,0
"I0031",17,0
"I0031",18,1
"I0031",19,0
"I0031",20,0
"I0031",21,0
"I0031",22,0
"I0031",23,0
"I0031",24,0
"I0031",25,0
"I0031",26,0
"I0031",27,0
"I0031",28,0
"I0031",29,0
"I0031",30,0
"I0031",31,0
"I0031",32,0
"I0031",33,0
"I0038",4,0
"I0038",5,0
"I0038",6,0
"I0038",7,0
"I0038",8,0
"I0038",9,0
"I0038",10,0
"I0038",11,0
"I0038",12,0
"I0038",13,0
"I0038",14,0
"I0038",15,1
"I0038",16,0
"I0038",17,0
"I0038",18,0
"I0038",19,0
"I0038",20,0
"I0038",21,0
"I0038",22,0
"I0038",23,0
"I0038",24,0
"I0038",25,0
"I0038",26,0
"I0038",27,0
"I0038",28,0
"I0038",29,0
"I0038",30,0
"I0038",31,0
"I0045",4,0
"I0045",5,0
"I0045",6,0
"I0045",7,1
"I0056",4,0
"I0056",5,0
"I0056",6,0
"I0056",7,0
"I0056",8,0
"I0056",9,0
"I0056",10,0
"I0056",11,0
"I0056",12,0
"I0056",13,0
"I0056",14,0
"I0056",15,0
"I0112",4,0
"I0112",5,0
"I0112",6,0
"I0112",7,0
"I0112",8,0
"I0112",9,0
"I0112",10,0
"I0112",11,0
"I0112",12,1
"I0112",13,1
"I0112",14,0
"I0112",15,0
"I0112",16,0
"I0112",17,0
"I0112",18,0
"I0112",19,0
"I0112",20,1
"I0112",21,1
"I0112",22,0
"I0112",23,0
"I0154",4,0
"I0154",5,0
"I0154",6,0
"I0154",7,0
"I0154",8,0
"I0154",9,0
"I0154",10,0
"I0154",11,0
"I0154",12,0
"I0154",13,0
"I0154",14,0
"I0154",15,0
"I0154",16,1
"I0154",17,0
"I0154",18,0
"I0154",19,1
"I0154",20,0
"I0154",21,0
"I0154",22,1
"I0170",4,0
"I0170",5,0
"I0170",6,0
"I0170",7,0
"I0170",8,0
"I0170",9,0
"I0170",10,0
"I0170",11,0
"I0170",12,0
"I0170",13,0
"I0170",14,0
"I0170",15,0
"I0170",16,1
"I0170",17,0
"I0170",18,1
"I0170",19,0
"I0170",20,0
"I0170",21,0
"I0170",22,0
"I0170",23,0
"I0170",24,0
"I0170",25,0
"I0170",26,0
"I0170",27,1
"I0173",4,0
"I0173",5,0
"I0173",6,0
"I0173",7,0
"I0173",8,0
"I0173",9,0
"I0173",10,0
"I0173",11,2
"I0173",12,0
"I0173",13,0
"I0173",14,0
"I0173",15,0
"I0173",16,1
"I0173",17,0
"I0174",4,0
"I0174",5,0
"I0174",6,0
"I0174",7,0
"I0174",8,1
"I0176",4,0
"I0176",5,0
"I0176",6,0
"I0176",7,0
"I0176",8,0
"I0176",9,2
"I0176",10,0
"I0176",11,0
"I0176",12,0
"I0176",13,1
"I0176",14,1
"I0176",15,0
"I0176",16,0
"I0176",17,0
"I0176",18,0
"I0176",19,0
"I0176",20,0
"I0176",21,0
"I0176",22,0
"I0176",23,0
"I0176",24,0
"I0176",25,0
"I0176",26,0
"I0176",27,1
"I0176",28,0
"I0176",29,0
"I0176",30,0
"I0184",4,0
"I0184",5,0
"I0184",6,1
"I0184",7,0
"I0184",8,0
"I0184",9,0
"I0184",10,0
"I0184",11,2
"I0184",12,0
"I0184",13,0
"I0195",4,1
"I0195",5,0
"I0195",6,0
"I0195",7,0
"I0195",8,2
"I0195",9,0
"I0195",10,0
"I0195",11,0
"I0195",12,1
"I0195",13,0
"I0195",14,0
"I0195",15,0
"I0195",16,0
"I0195",17,0
"I0195",18,0
"I0195",19,0
"I0195",20,1
"I0195",21,0
"I0195",22,1
"I0195",23,1
"I0195",24,0
"I0195",25,0
"I0195",26,0
"I0195",27,0
"I0195",28,0
"I0201",4,0
"I0201",5,1
"I0201",6,0
"I0201",7,1
"I0201",8,1
"I0201",9,0
"I0201",10,0
"I0216",4,0
"I0216",5,0
"I0216",6,1
"I0216",7,1
"I0216",8,0
"I0216",9,0
"I0216",10,0
"I0216",11,0
"I0216",12,1
"I0216",13,0
"I0216",14,1
"I0216",15,0
"I0217",4,0
"I0217",5,0
"I0217",6,0
"I0217",7,0
"I0217",8,0
"I0217",9,0
"I0217",10,0
"I0217",11,0
"I0217",12,0
"I0217",13,0
"I0217",14,1
"I0217",15,0
"I0217",16,0
"I0217",17,0
"I0217",18,0
"I0217",19,0
"I0217",20,0
"I0217",21,0
"I0217",22,0
"I0217",23,0
"I0217",24,0
"I0217",25,0
"I0217",26,0
"I0217",27,0
"I0217",28,0
"I0217",29,0
"I0219",4,0
"I0219",5,0
"I0219",6,0
"I0219",7,0
"I0219",8,0
"I0219",9,0
"I0219",10,0
"I0219",11,0
"I0219",12,0
"I0219",13,0
"I0219",14,0
"I0219",15,0
"I0219",16,0
"I0219",17,1
"I0219",18,0
"I0219",19,0
"I0219",20,0
"I0219",21,0
"I0225",4,0
"I0225",5,0
"I0225",6,0
"I0225",7,0
"I0225",8,0
"I0225",9,0
"I0225",10,0
"I0225",11,0
"I0225",12,0
"I0225",13,0
"I0225",14,1
"I0225",15,1
"I0225",16,0
"I0225",17,0
"I0225",18,0
"I0225",19,0
"I0225",20,0
"I0225",21,0
"I0225",22,0
"I0225",23,0
"I0225",24,0
"I0225",25,1
"I0250",4,0
"I0250",5,0
"I0250",6,0
"I0250",7,0
"I0250",8,1
"I0250",9,0
"I0250",10,0
"I0250",11,0
"I0250",12,0
"I0250",13,0
"I0250",14,0
"I0250",15,0
"I0250",16,0
"I0250",17,0
"I0250",18,0
"I0250",19,0
"I0250",20,0
"I0250",21,0
"I0250",22,0
"I0250",23,0
"I0250",24,0
"I0250",25,0
"I0250",26,1
"I0254",4,0
"I0254",5,0
"I0254",6,0
"I0254",7,0
"I0254",8,0
"I0254",9,0
"I0254",10,0
"I0254",11,0
"I0254",12,0
"I0254",13,0
"I0254",14,0
"I0254",15,0
"I0254",16,0
"I0254",17,0
"I0254",18,0
"I0258",4,0
"I0258",5,0
"I0258",6,0
"I0258",7,0
"I0258",8,0
"I0258",9,0
"I0258",10,0
"I0258",11,0
"I0258",12,0
"I0258",13,0
"I0258",14,0
"I0258",15,0
"I0258",16,0
"I0258",17,0
"I0258",18,0
"I0258",19,0
"I0258",20,0
"I0258",21,0
"I0258",22,0
"I0258",23,0
"I0258",24,0
"I0258",25,0
"I0258",26,0
"I0258",27,0
"I0258",28,0
"I0258",29,0
"I0258",30,0
"I0258",31,0
"I0258",32,0
"I0258",33,0
"I0258",34,1
"I0258",35,0
"I0260",4,0
"I0260",5,0
"I0260",6,0
"I0260",7,0
"I0260",8,0
"I0260",9,0
"I0260",10,0
"I0260",11,0
"I0260",12,0
"I0260",13,0
"I0260",14,1
"I0260",15,0
"I0260",16,0
"I0260",17,0
"I0260",18,0
"I0260",19,0
"I0260",20,0
"I0260",21,0
"I0260",22,0
"I0272",4,1
"I0272",5,0
"I0272",6,0
"I0272",7,2
"I0272",8,0
"I0272",9,0
"I0272",10,0
"I0272",11,1
"I0284",4,0
"I0284",5,0
"I0284",6,0
"I0284",7,0
"I0284",8,0
"I0284",9,0
"I0284",10,0
"I0284",11,0
"I0284",12,0
"I0284",13,1
"I0284",14,0
"I0284",15,0
"I0284",16,0
"I0284",17,0
"I0284",18,0
"I0284",19,0
"I0284",20,0
"I0284",21,0
"I0284",22,0
"I0284",23,0
"I0284",24,0
"I0284",25,0
"I0284",26,0
"I0284",27,0
"I0284",28,0
"I0284",29,0
"I0284",30,0
"I0284",31,0
"I0284",32,0
"I0284",33,0
"I0284",34,0
"I0284",35,0
"I0284",36,0
"I0284",37,0
"I0284",38,0
"I0284",39,0
"I0288",4,0
"I0288",5,1
"I0288",6,0
"I0288",7,1
"I0288",8,0
"I0288",9,0
"I0288",10,0
"I0288",11,0
"I0288",12,0
"I0288",13,1
"I0288",14,0
"I0288",15,0
"I0288",16,0
"I0288",17,0
"I0288",18,0
"I0288",19,0
"I0298",4,0
"I0298",5,1
"I0302",4,0
"I0302",5,0
"I0302",6,0
"I0302",7,0
"I0302",8,0
"I0302",9,0
"I0302",10,0
"I0302",11,0
"I0302",12,0
"I0302",13,0
"I0302",14,0
"I0302",15,0
"I0302",16,0
"I0302",17,0
"I0302",18,0
"I0302",19,0
"I0302",20,0
"I0302",21,0
"I0302",22,0
"I0302",23,0
"I0302",24,0
"I0302",25,0
"I0302",26,0
"I0306",4,0
"I0306",5,0
"I0306",6,0
"I0306",7,1
"I0306",8,0
"I0306",9,1
"I0306",10,0
"I0306",11,0
"I0306",12,0
"I0306",13,0
"I0306",14,0
"I0306",15,0
"I0306",16,0
"I0306",17,0
"I0306",18,0
"I0306",19,0
"I0306",20,0
"I0306",21,0
"I0306",22,0
"I0306",23,0
"I0306",24,0
"I0306",25,0
"I0307",4,0
"I0307",5,0
"I0307",6,0
"I0307",7,0
"I0307",8,0
"I0307",9,2
"I0307",10,1
"I0307",11,0
"I0307",12,1
"I0307",13,0
"I0307",14,0
"I0307",15,0
"I0307",16,1
"I0307",17,0
"I0307",18,0
"I0307",19,0
"I0307",20,0
"I0307",21,0
"I0307",22,0
"I0307",23,0
"I0307",24,0
"I0307",25,0
"I0307",26,0
"I0307",27,0
"I0307",28,0
"I0307",29,0
"I0307",30,0
"I0307",31,0
"I0307",32,1
"I0321",4,0
"I0321",5,0
"I0321",6,0
"I0321",7,3
"I0321",8,0
"I0321",9,0
"I0321",10,0
"I0321",11,0
"I0321",12,0
"I0321",13,0
"I0321",14,0
"I0321",15,0
"I0321",16,0
"I0321",17,1
"I0321",18,0
"I0321",19,1
"I0321",20,0
"I0321",21,0
"I0321",22,0
"I0321",23,0
"I0321",24,0
"I0321",25,0
"I0321",26,0
"I0321",27,0
"I0321",28,0
"I0321",29,0
"I0321",30,0
"I0321",31,0
"I0333",4,0
"I0333",5,1
"I0333",6,0
"I0333",7,0
"I0333",8,1
"I0333",9,1
"I0333",10,1
"I0333",11,0
"I0333",12,0
"I0333",13,0
"I0333",14,0
"I0333",15,1
"I0333",16,1
"I0333",17,0
"I0333",18,0
"I0333",19,0
"I0333",20,0
"I0333",21,0
"I0333",22,0
"I0333",23,1
"I0333",24,0
"I0364",4,0
"I0364",5,0
"I0364",6,0
"I0364",7,0
"I0364",8,0
"I0364",9,0
"I0364",10,0
"I0364",11,0
"I0364",12,0
"I0364",13,0
"I0364",14,0
"I0364",15,1
"I0364",16,0
"I0364",17,0
"I0364",18,0
"I0364",19,0
"I0369",4,0
"I0369",5,0
"I0369",6,0
"I0369",7,0
"I0369",8,1
"I0369",9,1
"I0369",10,0
"I0369",11,0
"I0369",12,0
"I0369",13,0
"I0369",14,0
"I0369",15,0
"I0369",16,1
"I0369",17,0
"I0369",18,0
"I0369",19,0
"I0369",20,0
"I0369",21,0
"I0369",22,0
"I0369",23,0
"I0369",24,0
"I0369",25,0
"I0369",26,0
"I0369",27,1
"I0369",28,0
"I0369",29,0
"I0369",30,0
"I0369",31,0
"I0369",32,0
"I0369",33,0
"I0369",34,0
"I0369",35,0
"I0369",36,0
"I0373",4,0
"I0373",5,0
"I0373",6,0
"I0373",7,0
"I0373",8,0
"I0373",9,0
"I0373",10,0
"I0373",11,0
"I0373",12,0
"I0373",13,0
"I0373",14,0
"I0373",15,0
"I0373",16,0
"I0373",17,0
"I0373",18,0
"I0373",19,0
"I0373",20,0
"I0375",4,0
"I0375",5,0
"I0375",6,0
"I0375",7,0
"I0375",8,0
"I0375",9,0
"I0375",10,1
"I0375",11,1
"I0375",12,0
"I0375",13,0
"I0375",14,0
"I0375",15,0
"I0375",16,0
"I0375",17,0
"I0375",18,0
"I0375",19,0
"I0384",4,0
"I0384",5,0
"I0384",6,0
"I0384",7,1
"I0384",8,0
"I0384",9,0
"I0384",10,0
"I0384",11,0
"I0384",12,0
"I0384",13,0
"I0384",14,0
"I0384",15,0
"I0384",16,0
"I0384",17,0
"I0384",18,0
"I0384",19,0
"I0384",20,0
"I0384",21,0
"I0384",22,0
"I0395",4,0
"I0395",5,0
"I0395",6,0
"I0395",7,0
"I0395",8,0
"I0395",9,0
"I0395",10,0
"I0395",11,0
"I0395",12,0
"I0395",13,0
"I0395",14,0
"I0395",15,0
"I0395",16,0
"I0395",17,0
"I0395",18,0
"I0395",19,0
"I0395",20,0
"I0395",21,0
"I0395",22,0
"I0398",4,0
"I0398",5,0
"I0398",6,0
"I0398",7,0
"I0398",8,0
"I0398",9,1
"I0398",10,0
"I0398",11,0
"I0398",12,0
"I0398",13,0
"I0398",14,0
"I0398",15,0
"I0398",16,1
"I0398",17,0
"I0398",18,0
"I0398",19,0
"I0398",20,0
"I0398",21,0
"I0398",22,0
"I0398",23,0
"I0398",24,0
"I0398",25,0
"I0398",26,0
"I0398",27,0
"I0398",28,0
"I0398",29,0
"I0398",30,0
"I0398",31,0
"I0398",32,0
"I0409",4,0
"I0409",5,0
"I0409",6,0
"I0409",7,0
"I0409",8,0
"I0409",9,0
"I0409",10,0
"I0409",11,0
"I0409",12,0
"I0409",13,0
"I0409",14,0
"I0409",15,0
"I0409",16,0
"I0409",17,0
"I0409",18,0
"I0409",19,0
"I0426",4,0
"I0426",5,0
"I0426",6,0
"I0426",7,0
"I0426",8,0
"I0426",9,0
"I0426",10,0
"I0426",11,0
"I0426",12,0
"I0426",13,0
"I0426",14,1
"I0426",15,0
"I0426",16,0
"I0426",17,0
"I0426",18,0
"I0426",19,1
"I0426",20,0
"I0426",21,0
"I0426",22,0
"I0426",23,0
"I0426",24,0
"I0426",25,0
"I0426",26,0
"I0426",27,0
"I0426",28,0
"I0426",29,0
"I0426",30,0
"I0427",4,0
"I0427",5,0
"I0427",6,0
"I0427",7,0
"I0427",8,1
"I0427",9,0
"I0427",10,0
"I0427",11,0
"I0427",12,2
"I0427",13,0
"I0427",14,0
"I0427",15,0
"I0427",16,0
"I0427",17,0
"I0427",18,0
"I0427",19,1
"I0427",20,0
"I0427",21,0
"I0427",22,1
"I0427",23,0
"I0427",24,0
"I0427",25,0
"I0427",26,0
"I0427",27,0
"I0427",28,0
"I0442",4,0
"I0442",5,0
"I0442",6,1
"I0442",7,0
"I0442",8,0
"I0442",9,0
"I0442",10,0
"I0442",11,1
"I0442",12,0
"I0442",13,1
"I0442",14,0
"I0442",15,0
"I0442",16,0
"I0442",17,1
"I0442",18,0
"I0442",19,0
"I0442",20,0
"I0442",21,0
"I0442",22,0
"I0442",23,0
"I0442",24,0
"I0442",25,0
"I0442",26,1
"I0476",4,0
"I0476",5,0
"I0476",6,1
"I0476",7,0
"I0476",8,1
"I0476",9,1
"I0476",10,0
"I0476",11,0
"I0476",12,0
"I0476",13,0
"I0476",14,1
"I0476",15,1
"I0476",16,0
"I0476",17,0
"I0476",18,0
"I0476",19,0
"I0476",20,0
"I0476",21,0
"I0476",22,0
"I0476",23,0
"I0476",24,0
"I0476",25,0
"I0476",26,0
"I0476",27,0
"I0476",28,0
"I0476",29,0
"I0476",30,1
"I0476",31,0
"I0476",32,1
"I0476",33,1
"I0476",34,0
"I0481",4,0
"I0481",5,0
"I0481",6,0
"I0481",7,0
"I0481",8,0
"I0481",9,0
"I0481",10,1
"I0481",11,0
"I0481",12,0
"I0481",13,0
"I0481",14,0
"I0481",15,0
"I0481",16,0
"I0481",17,0
"I0481",18,0
"I0481",19,2
"I0481",20,0
"I0481",21,0
"I0481",22,0
"I0481",23,0
"I0481",24,0
"I0481",25,0
"I0481",26,0
"I0481",27,0
"I0481",28,0
"I0481",29,0
"I0481",30,0
"I0481",31,0
"I0481",32,0
"I0509",4,0
"I0509",5,0
"I0509",6,0
"I0509",7,0
"I0509",8,0
"I0509",9,0
"I0509",10,1
"I0509",11,0
"I0509",12,1
"I0509",13,0
"I0509",14,1
"I0509",15,0
"I0525",4,0
"I0525",5,0
"I0525",6,0
"I0525",7,0
"I0525",8,0
"I0525",9,0
"I0525",10,0
"I0525",11,0
"I0525",12,1
"I0525",13,0
"I0525",14,0
"I0525",15,0
"I0525",16,0
"I0525",17,0
"I0525",18,0
"I0525",19,0
"I0525",20,0
"I0546",4,0
"I0546",5,0
"I0546",6,0
"I0546",7,0
"I0546",8,0
"I0546",9,0
"I0546",10,1
"I0546",11,0
"I0546",12,0
"I0546",13,0
"I0546",14,0
"I0553",4,0
"I0553",5,0
"I0553",6,0
"I0553",7,0
"I0553",8,0
"I0553",9,0
"I0553",10,0
"I0553",11,0
"I0553",12,1
"I0553",13,0
"I0553",14,0
"I0553",15,0
"I0553",16,0
"I0553",17,0
"I0553",18,0
"I0553",19,0
"I0553",20,0
"I0553",21,0
"I0553",22,0
"I0553",23,0
"I0553",24,0
"I0553",25,0
"I0553",26,0
"I0553",27,0
"I0553",28,0
"I0553",29,0
"I0553",30,1
"I0553",31,0
"I0553",32,0
"I0553",33,0
"I0553",34,0
"I0553",35,0
"I0553",36,0
"I0558",4,0
"I0558",5,0
"I0558",6,0
"I0558",7,0
"I0558",8,0
"I0558",9,0
"I0558",10,0
"I0558",11,0
"I0558",12,0
"I0558",13,0
"I0558",14,0
"I0558",15,0
"I0558",16,0
"I0558",17,0
"I0558",18,1
"I0558",19,0
"I0558",20,0
"I0558",21,0
"I0558",22,1
"I0558",23,0
"I0558",24,0
"I0558",25,0
"I0558",26,0
"I0558",27,0
"I0561",4,0
"I0561",5,0
"I0561",6,1
"I0561",7,0
"I0561",8,0
"I0561",9,0
"I0561",10,0
"I0561",11,0
"I0561",12,0
"I0561",13,1
"I0561",14,0
"I0561",15,0
"I0561",16,2
"I0561",17,1
"I0561",18,1
"I0561",19,0
"I0561",20,0
"I0561",21,1
"I0561",22,2
"I0561",23,0
"I0561",24,0
"I0561",25,0
"I0561",26,0
"I0561",27,0
"I0561",28,0
"I0561",29,0
"I0561",30,0
"I0561",31,0
"I0561",32,0
"I0561",33,1
"I0561",34,0
"I0561",35,0
"I0561",36,0
"I0561",37,0
"I0576",4,0
"I0576",5,1
"I0576",6,0
"I0576",7,0
"I0576",8,0
"I0576",9,0
"I0576",10,0
"I0576",11,0
"I0576",12,0
"I0576",13,0
"I0576",14,0
"I0576",15,0
"I0576",16,0
"I0576",17,1
"I0576",18,0
"I0576",19,0
"I0576",20,0
"I0576",21,0
"I0576",22,0
"I0576",23,0
"I0576",24,0
"I0576",25,0
"I0576",26,0
"I0576",27,0
"I0576",28,0
"I0576",29,0
"I0581",4,0
"I0581",5,0
"I0581",6,0
"I0581",7,0
"I0581",8,0
"I0581",9,0
"I0581",10,0
"I0581",11,0
"I0581",12,0
"I0581",13,0
"I0581",14,0
"I0581",15,0
"I0581",16,1
"I0581",17,0
"I0581",18,0
"I0581",19,0
"I0592",4,0
"I0592",5,0
"I0592",6,0
"I0592",7,0
"I0592",8,0
"I0592",9,0
"I0592",10,1
"I0592",11,0
"I0592",12,0
"I0592",13,0
"I0592",14,0
"I0592",15,0
"I0592",16,1
"I0592",17,1
"I0592",18,1
"I0592",19,0
"I0592",20,1
"I0592",21,0
"I0606",4,0
"I0606",5,0
"I0606",6,0
"I0606",7,0
"I0606",8,3
"I0606",9,0
"I0606",10,2
"I0606",11,1
"I0606",12,0
"I0606",13,1
"I0606",14,0
"I0606",15,0
"I0606",16,0
"I0606",17,0
"I0606",18,0
"I0606",19,0
"I0606",20,0
"I0606",21,0
"I0606",22,1
"I0606",23,0
"I0606",24,0
"I0606",25,0
"I0606",26,0
"I0606",27,0
"I0606",28,0
"I0606",29,0
"I0606",30,0
"I0625",4,0
"I0625",5,0
"I0625",6,0
"I0625",7,0
"I0625",8,0
"I0625",9,0
"I0665",4,0
"I0665",5,0
"I0665",6,1
"I0665",7,0
"I0665",8,0
"I0665",9,0
"I0665",10,0
"I0665",11,0
"I0665",12,0
"I0665",13,0
"I0665",14,1
"I0665",15,0
"I0665",16,1
"I0665",17,0
"I0665",18,0
"I0665",19,1
"I0665",20,0
"I0665",21,0
"I0665",22,1
"I0665",23,0
"I0665",24,0
"I0665",25,0
"I0668",4,0
"I0668",5,0
"I0668",6,0
"I0668",7,0
"I0668",8,0
"I0668",9,0
"I0668",10,0
"I0668",11,0
"I0668",12,0
"I0668",13,0
"I0668",14,0
"I0668",15,1
"I0668",16,0
"I0668",17,0
"I0668",18,0
"I0668",19,0
"I0668",20,0
"I0668",21,1
"I0668",22,0
"I0668",23,0
"I0668",24,0
"I0668",25,0
"I0668",26,0
"I0668",27,0
"I0668",28,0
"I0668",29,0
"I0673",4,0
"I0673",5,0
"I0673",6,2
"I0673",7,0
"I0673",8,0
"I0673",9,0
"I0673",10,0
"I0673",11,0
"I0673",12,0
"I0673",13,0
"I0673",14,1
"I0673",15,0
"I0673",16,0
"I0689",4,0
"I0689",5,0
"I0689",6,0
"I0689",7,0
"I0689",8,0
"I0689",9,0
"I0689",10,0
"I0689",11,0
"I0689",12,0
"I0689",13,0
"I0689",14,0
"I0689",15,0
"I0689",16,0
"I0689",17,0
"I0689",18,0
"I0689",19,0
"I0689",20,0
"I0689",21,0
"I0689",22,0
"I0689",23,0
"I0693",4,0
"I0693",5,0
"I0693",6,0
"I0693",7,0
"I0693",8,0
"I0693",9,1
"I0693",10,0
"I0693",11,0
"I0693",12,0
"I0693",13,0
"I0693",14,0
"I0693",15,0
"I0693",16,0
"I0693",17,0
"I0693",18,0
"I0693",19,0
"I0693",20,0
"I0693",21,1
"I0693",22,0
"I0693",23,0
"I0693",24,0
"I0693",25,0
"I0693",26,0
"I0696",4,0
"I0696",5,0
"I0696",6,0
"I0696",7,1
"I0696",8,0
"I0696",9,0
"I0696",10,0
"I0696",11,0
"I0696",12,0
"I0696",13,0
"I0696",14,0
"I0696",15,0
"I0696",16,0
"I0696",17,0
"I0696",18,0
"I0696",19,0
"I0696",20,0
"I0696",21,0
"I0696",22,0
"I0696",23,1
"I0696",24,0
"I0696",25,0
"I0696",26,1
"I0696",27,0
"I0696",28,0
"I0696",29,0
"I0722",4,0
"I0722",5,0
"I0722",6,0
"I0722",7,0
"I0722",8,1
"I0722",9,0
"I0722",10,0
"I0722",11,0
"I0722",12,0
"I0722",13,0
"I0722",14,0
"I0722",15,0
"I0722",16,0
"I0722",17,0
"I0722",18,0
"I0722",19,0
"I0722",20,0
"I0722",21,1
"I0722",22,0
"I0722",23,1
"I0722",24,0
"I0722",25,0
"I0722",26,0
"I0722",27,0
"I0722",28,0
"I0722",29,0
"I0722",30,0
"I0722",31,0
"I0722",32,0
"I0728",4,0
"I0728",5,1
"I0728",6,0
"I0728",7,0
"I0728",8,0
"I0728",9,2
"I0728",10,0
"I0728",11,0
"I0728",12,1
"I0728",13,0
"I0728",14,0
"I0734",4,0
"I0734",5,0
"I0734",6,0
"I0734",7,1
"I0734",8,0
"I0734",9,0
"I0734",10,1
"I0734",11,0
"I0734",12,0
"I0734",13,0
"I0734",14,0
"I0734",15,0
"I0734",16,0
"I0734",17,0
"I0734",18,0
"I0734",19,0
"I0736",4,0
"I0736",5,0
"I0736",6,0
"I0736",7,0
"I0736",8,0
"I0736",9,0
"I0736",10,0
"I0736",11,0
"I0741",4,0
"I0741",5,0
"I0741",6,0
"I0741",7,0
"I0741",8,0
"I0741",9,0
"I0741",10,0
"I0741",11,0
"I0741",12,0
"I0741",13,0
"I0741",14,0
"I0741",15,1
"I0741",16,0
"I0741",17,0
"I0741",18,0
"I0741",19,0
"I0741",20,0
"I0741",21,0
"I0741",22,0
"I0741",23,0
"I0741",24,0
"I0741",25,0
"I0741",26,0
"I0741",27,0
"I0748",4,0
"I0748",5,0
"I0748",6,1
"I0748",7,0
"I0748",8,0
"I0748",9,2
"I0748",10,0
"I0748",11,0
"I0748",12,0
"I0748",13,0
"I0748",14,0
"I0748",15,0
"I0748",16,0
"I0748",17,0
"I0748",18,0
"I0748",19,0
"I0748",20,0
"I0748",21,0
"I0748",22,0
"I0748",23,0
"I0748",24,0
"I0748",25,0
"I0748",26,0
"I0748",27,0
"I0748",28,0
"I0748",29,0
"I0748",30,0
"I0748",31,0
"I0748",32,0
"I0755",4,0
"I0755",5,0
"I0755",6,0
"I0755",7,0
"I0755",8,1
"I0755",9,1
"I0755",10,0
"I0755",11,1
"I0755",12,1
"I0755",13,1
"I0755",14,0
"I0755",15,0
"I0755",16,0
"I0755",17,0
"I0755",18,0
"I0755",19,0
"I0755",20,0
"I0755",21,0
"I0755",22,0
"I0755",23,0
"I0755",24,0
"I0755",25,0
"I0755",26,0
"I0756",4,0
"I0756",5,0
"I0756",6,0
"I0771",4,0
"I0771",5,0
"I0771",6,0
"I0771",7,0
"I0771",8,1
"I0771",9,1
"I0771",10,1
"I0771",11,0
"I0771",12,0
"I0771",13,0
"I0771",14,0
"I0771",15,0
"I0771",16,0
"I0771",17,0
"I0771",18,0
"I0771",19,0
"I0771",20,0
"I0771",21,0
"I0771",22,0
"I0771",23,0
"I0771",24,0
"I0771",25,0
"I0771",26,0
"I0771",27,0
"I0771",28,0
"I0771",29,0
"I0771",30,0
"I0771",31,0
"I0771",32,0
"I0773",4,0
"I0773",5,0
"I0773",6,0
"I0773",7,0
"I0773",8,1
"I0773",9,0
"I0773",10,0
"I0773",11,0
"I0773",12,0
"I0773",13,0
"I0773",14,0
"I0773",15,0
"I0773",16,1
"I0773",17,0
"I0773",18,0
"I0773",19,0
"I0773",20,0
"I0773",21,0
"I0773",22,0
"I0773",23,0
"I0773",24,0
"I0773",25,0
"I0773",26,0
"I0773",27,0
"I0773",28,0
"I0775",4,0
"I0775",5,0
"I0775",6,0
"I0775",7,0
"I0775",8,0
"I0775",9,0
"I0775",10,1
"I0775",11,0
"I0775",12,0
"I0775",13,0
"I0775",14,0
"I0775",15,0
"I0775",16,0
"I0775",17,0
"I0775",18,0
"I0810",4,0
"I0810",5,0
"I0810",6,0
"I0810",7,0
"I0810",8,0
"I0810",9,0
"I0810",10,0
"I0810",11,0
"I0810",12,0
"I0810",13,1
"I0810",14,0
"I0810",15,0
"I0810",16,0
"I0810",17,0
"I0810",18,0
"I0810",19,0
"I0810",20,0
"I0816",4,0
"I0816",5,0
"I0816",6,0
"I0816",7,0
"I0816",8,0
"I0816",9,0
"I0816",10,0
"I0816",11,0
"I0816",12,0
"I0816",13,0
"I0816",14,0
"I0816",15,0
"I0816",16,1
"I0816",17,0
"I0816",18,0
"I0816",19,0
"I0816",20,0
"I0816",21,0
"I0816",22,0
"I0816",23,0
"I0816",24,0
"I0816",25,0
"I0816",26,0
"I0816",27,0
"I0816",28,0
"I0816",29,0
"I0816",30,0
"I0816",31,0
"I0816",32,0
"I0816",33,0
"I0816",34,0
"I0831",4,0
"I0831",5,1
"I0831",6,0
"I0831",7,0
"I0831",8,1
"I0831",9,0
"I0831",10,1
"I0831",11,0
"I0831",12,0
"I0831",13,0
"I0831",14,2
"I0831",15,0
"I0831",16,1
"I0831",17,1
"I0831",18,1
"I0831",19,1
"I0831",20,0
"I0831",21,1
"I0831",22,0
"I0831",23,0
"I0831",24,0
"I0831",25,0
"I0831",26,0
"I0831",27,0
"I0831",28,0
"I0831",29,1
"I0831",30,0
"I0831",31,0
"I0831",32,0
"I0831",33,0
"I0831",34,1
"I0831",35,0
"I0831",36,0
"I0831",37,0
"I0831",38,0
"I0838",4,0
"I0838",5,0
"I0838",6,0
"I0838",7,0
"I0838",8,0
"I0838",9,0
"I0838",10,0
"I0838",11,0
"I0838",12,0
"I0838",13,0
"I0838",14,0
"I0838",15,0
"I0838",16,0
"I0838",17,0
"I0838",18,0
"I0838",19,0
"I0838",20,0
"I0838",21,1
"I0838",22,0
"I0838",23,0
"I0838",24,0
"I0838",25,0
"I0838",26,0
"I0838",27,0
"I0838",28,0
"I0838",29,0
"I0838",30,0
"I0838",31,0
"I0838",32,0
"I0840",4,0
"I0840",5,0
"I0840",6,0
"I0840",7,0
"I0840",8,0
"I0840",9,0
"I0840",10,0
"I0840",11,0
"I0840",12,1
"I0840",13,2
"I0840",14,0
"I0840",15,0
"I0840",16,1
"I0840",17,0
"I0840",18,1
"I0840",19,0
"I0840",20,0
"I0840",21,0
"I0840",22,0
"I0840",23,0
"I0840",24,0
"I0840",25,0
"I0840",26,0
"I0840",27,0
"I0840",28,0
"I0840",29,0
"I0840",30,0
"I0840",31,0
"I0840",32,0
"I0844",4,0
"I0844",5,0
"I0844",6,0
"I0844",7,1
"I0844",8,0
"I0844",9,0
"I0844",10,1
"I0844",11,0
"I0844",12,0
"I0844",13,1
"I0844",14,1
"I0844",15,0
"I0844",16,0
"I0844",17,0
"I0844",18,0
"I0844",19,1
"I0844",20,0
"I0844",21,0
"I0844",22,0
"I0844",23,0
"I0851",4,0
"I0851",5,1
"I0851",6,0
"I0851",7,0
"I0851",8,0
"I0851",9,0
"I0851",10,0
"I0851",11,0
"I0851",12,0
"I0851",13,0
"I0851",14,0
"I0851",15,0
"I0851",16,0
"I0872",4,0
"I0872",5,0
"I0872",6,2
"I0872",7,0
"I0872",8,0
"I0872",9,0
"I0872",10,0
"I0872",11,0
"I0872",12,0
"I0872",13,0
"I0872",14,0
"I0872",15,0
"I0872",16,0
"I0872",17,0
"I0872",18,0
"I0872",19,0
"I0872",20,0
"I0872",21,0
"I0872",22,0
"I0872",23,0
"I0872",24,1
"I0872",25,0
"I0891",4,0
"I0891",5,0
"I0891",6,0
"I0891",7,1
"I0891",8,0
"I0891",9,0
"I0891",10,0
"I0891",11,0
"I0891",12,0
"I0891",13,0
"I0891",14,0
"I0891",15,0
"I0891",16,0
"I0891",17,0
"I0891",18,0
"I0891",19,0
"I0891",20,0
"I0891",21,0
"I0891",22,0
"I0891",23,0
"I0891",24,0
"I0891",25,0
"I0902",4,0
"I0902",5,0
"I0902",6,0
"I0902",7,0
"I0902",8,2
"I0902",9,1
"I0902",10,1
"I0902",11,0
"I0902",12,0
"I0902",13,0
"I0902",14,0
"I0902",15,0
"I0902",16,0
"I0902",17,0
"I0902",18,0
"I0902",19,0
"I0902",20,0
"I0902",21,0
"I0902",22,0
"I0902",23,0
"I0902",24,0
"I0902",25,0
"I0902",26,0
"I0902",27,0
"I0902",28,0
"I0902",29,0
"I0902",30,0
"I0902",31,0
"I0902",32,0
"I0902",33,0
"I0902",34,0
"I0902",35,0
"I0911",4,0
"I0911",5,0
"I0911",6,1
"I0911",7,0
"I0911",8,0
"I0911",9,0
"I0911",10,1
"I0911",11,0
"I0911",12,0
"I0911",13,0
"I0911",14,0
"I0911",15,0
"I0911",16,0
"I0911",17,1
"I0911",18,0
"I0911",19,0
"I0911",20,0
"I0911",21,0
"I0911",22,0
"I0911",23,0
"I0911",24,0
"I0911",25,0
"I0911",26,1
"I0926",4,0
"I0926",5,0
"I0926",6,0
"I0926",7,0
"I0926",8,0
"I0926",9,0
"I0926",10,1
"I0926",11,0
"I0926",12,1
"I0926",13,0
"I0926",14,0
"I0926",15,0
"I0926",16,0
"I0926",17,0
"I0926",18,0
"I0926",19,0
"I0926",20,0
"I0926",21,0
"I0926",22,0
"I0926",23,1
"I0926",24,0
"I0926",25,0
"I0926",26,0
"I0926",27,0
"I0926",28,0
"I0927",4,0
"I0927",5,0
"I0927",6,0
"I0927",7,0
"I0927",8,0
"I0927",9,0
"I0927",10,0
"I0927",11,0
"I0927",12,1
"I0927",13,1
"I0927",14,0
"I0927",15,0
"I0927",16,0
"I0927",17,2
"I0927",18,0
"I0927",19,0
"I0927",20,0
"I0927",21,0
"I0927",22,0
"I0927",23,0
"I0927",24,0
"I0927",25,0
"I0927",26,0
"I0927",27,0
"I0927",28,0
"I0927",29,0
"I0927",30,0
"I0932",4,0
"I0932",5,0
"I0932",6,0
"I0932",7,0
"I0932",8,1
"I0932",9,0
"I0932",10,0
"I0932",11,0
"I0932",12,0
"I0932",13,0
"I0932",14,0
"I0932",15,0
"I0932",16,0
"I0932",17,0
"I0932",18,0
"I0932",19,0
"I0932",20,0
"I0935",4,0
"I0935",5,0
"I0935",6,0
"I0935",7,0
"I0935",8,0
"I0935",9,0
"I0935",10,0
"I0935",11,0
"I0935",12,1
"I0935",13,0
"I0935",14,0
"I0935",15,0
"I0935",16,0
"I0935",17,0
"I0935",18,0
"I0935",19,0
"I0935",20,0
"I0935",21,0
"I0935",22,0
"I0935",23,0
"I0935",24,0
"I0935",25,0
"I0935",26,0
"I0935",27,0
"I0935",28,0
"I0935",29,0
"I0935",30,0
"I0935",31,0
"I0935",32,0
"I0935",33,0
"I0941",4,0
"I0941",5,0
"I0941",6,0
"I0941",7,0
"I0941",8,0
"I0941",9,0
"I0941",10,0
"I0941",11,0
"I0941",12,0
"I0941",13,0
"I0941",14,0
"I0941",15,0
"I0941",16,0
"I0941",17,0
"I0941",18,0
"I0941",19,0
"I0941",20,0
"I0941",21,0
"I0941",22,0
"I0941",23,0
"I0941",24,0
"I0948",4,0
"I0948",5,0
"I0948",6,0
"I0948",7,0
"I0948",8,1
"I0948",9,0
"I0948",10,0
"I0948",11,0
"I0948",12,0
"I0948",13,0
"I0948",14,0
"I0948",15,0
"I0948",16,0
"I0948",17,0
"I0948",18,0
"I0948",19,1
"I0948",20,0
"I0948",21,0
"I0948",22,0
"I0948",23,0
"I0948",24,0
"I0948",25,0
"I0948",26,0
"I0948",27,0
"I0948",28,0
"I0948",29,0
"I0948",30,0
"I0948",31,0
"I0951",4,0
"I0951",5,0
"I0951",6,0
"I0951",7,0
"I0951",8,0
"I0951",9,0
"I0951",10,0
"I0951",11,0
"I0951",12,0
"I0951",13,0
"I0951",14,0
"I0951",15,0
"I0951",16,0
"I0951",17,0
"I0951",18,0
"I0951",19,0
"I0951",20,0
"I0951",21,0
"I0951",22,0
"I0951",23,0
"I0951",24,0
"I0951",25,0
"I0951",26,0
"I0951",27,0
"I0951",28,0
"I0951",29,0
"I0951",30,0
"I0951",31,0
"I0951",32,0
"I0951",33,1
"I0951",34,0
"I0951",35,0
"I0951",36,0
"I0957",4,1
"I0957",5,0
"I0957",6,0
"I0957",7,0
"I0957",8,0
"I0957",9,1
"I0957",10,0
"I0957",11,0
"I0957",12,0
"I0957",13,0
"I0957",14,0
"I0957",15,0
"I0957",16,0
"I0957",17,0
"I0957",18,0
"I0957",19,0
"I0957",20,0
"I0957",21,0
"I0979",4,0
"I0979",5,0
"I0979",6,0
"I0979",7,1
"I0979",8,0
"I0979",9,0
"I0979",10,0
"I0979",11,0
"I0979",12,0
"I0979",13,0
"I0979",14,0
"I0979",15,1
"I0979",16,1
"I0979",17,1
"I0979",18,0
"I0979",19,0
"I0979",20,0
"I0979",21,0
"I0979",22,0
"I0979",23,0
"I0979",24,0
"I0979",25,0
"I0979",26,0
"I0979",27,0
"I0989",4,0
"I0989",5,0
"I0989",6,0
"I0989",7,0
"I0989",8,0
"I0989",9,1
"I0989",10,0
"I0989",11,0
"I0989",12,0
"I0989",13,0
"I0989",14,1
"I0989",15,0
"I0989",16,0
"I0989",17,0
"I0989",18,0
"I0989",19,0
"I0989",20,0
"I0989",21,0
"I0989",22,0
"I0989",23,0
"I0989",24,0
"I0989",25,0
"I0989",26,0
"I0989",27,0
"I0989",28,0
"I0989",29,0
"I0989",30,1
"I0989",31,0
"I0989",32,0
"I0989",33,0
"I1003",4,0
"I1003",5,0
"I1003",6,0
"I1003",7,0
"I1003",8,0
"I1003",9,1
"I1003",10,0
"I1003",11,2
"I1003",12,0
"I1003",13,0
"I1003",14,1
"I1003",15,1
"I1003",16,0
"I1003",17,0
"I1003",18,0
"I1003",19,0
"I1003",20,0
"I1028",4,0
"I1028",5,0
"I1028",6,0
"I1028",7,0
"I1028",8,0
"I1028",9,0
"I1028",10,0
"I1028",11,0
"I1028",12,0
"I1028",13,0
"I1032",4,0
"I1032",5,0
"I1032",6,1
"I1032",7,0
"I1032",8,0
"I1032",9,0
"I1032",10,0
"I1032",11,0
"I1032",12,0
"I1032",13,2
"I1032",14,0
"I1032",15,0
"I1032",16,0
"I1032",17,0
"I1032",18,0
"I1062",4,0
"I1062",5,0
"I1062",6,0
"I1062",7,0
"I1062",8,0
"I1062",9,0
"I1062",10,1
"I1062",11,0
"I1062",12,0
"I1062",13,0
"I1062",14,0
"I1062",15,0
"I1062",16,0
"I1062",17,0
"I1062",18,0
"I1062",19,0
"I1062",20,0
"I1062",21,0
"I1062",22,1
"I1062",23,1
"I1062",24,0
"I1062",25,0
"I1075",4,0
"I1075",5,0
"I1075",6,1
"I1075",7,0
"I1075",8,0
"I1075",9,0
"I1075",10,1
"I1075",11,0
"I1075",12,0
"I1075",13,0
"I1075",14,0
"I1075",15,0
"I1075",16,0
"I1075",17,0
"I1075",18,1
"I1075",19,0
"I1075",20,0
"I1075",21,1
"I1075",22,1
"I1078",4,0
"I1078",5,1
"I1078",6,0
"I1078",7,0
"I1078",8,0
"I1078",9,0
"I1078",10,1
"I1078",11,0
"I1078",12,0
"I1078",13,0
"I1078",14,0
"I1078",15,0
"I1078",16,0
"I1078",17,0
"I1078",18,0
"I1078",19,1
"I1078",20,0
"I1078",21,0
"I1078",22,0
"I1078",23,0
"I1084",4,0
"I1084",5,0
"I1084",6,0
"I1084",7,0
"I1084",8,0
"I1084",9,1
"I1084",10,0
"I1084",11,1
"I1084",12,0
"I1084",13,0
"I1084",14,0
"I1084",15,0
"I1084",16,0
"I1084",17,0
"I1094",4,0
"I1094",5,0
"I1094",6,0
"I1094",7,0
"I1094",8,0
"I1094",9,0
"I1094",10,0
"I1094",11,0
"I1094",12,0
"I1094",13,0
"I1094",14,1
"I1094",15,0
"I1094",16,0
"I1094",17,1
"I1094",18,0
"I1094",19,0
"I1094",20,0
"I1094",21,1
"I1094",22,0
"I1094",23,1
"I1094",24,0
"I1102",4,0
"I1102",5,0
"I1102",6,1
"I1102",7,1
"I1102",8,0
"I1102",9,0
"I1102",10,0
"I1102",11,0
"I1102",12,0
"I1102",13,0
"I1102",14,0
"I1102",15,1
"I1102",16,0
"I1102",17,1
"I1102",18,0
"I1102",19,0
"I1102",20,0
"I1102",21,0
"I1102",22,1
"I1102",23,0
"I1121",4,0
"I1121",5,0
"I1121",6,0
"I1121",7,0
"I1121",8,1
"I1121",9,1
"I1121",10,0
"I1121",11,0
"I1121",12,1
"I1121",13,2
"I1121",14,1
"I1121",15,0
"I1121",16,1
"I1121",17,0
"I1121",18,0
"I1121",19,0
"I1121",20,0
"I1121",21,0
"I1121",22,0
"I1121",23,0
"I1121",24,0
"I1121",25,0
"I1121",26,1
"I1121",27,0
"I1135",4,0
"I1135",5,0
"I1135",6,0
"I1135",7,1
"I1135",8,0
"I1135",9,1
"I1135",10,1
"I1135",11,1
"I1135",12,1
"I1135",13,0
"I1135",14,1
"I1135",15,0
"I1135",16,0
"I1135",17,0
"I1135",18,1
"I1135",19,0
"I1135",20,1
"I1135",21,0
"I1135",22,0
"I1135",23,0
"I1142",4,0
"I1142",5,0
"I1142",6,1
"I1142",7,0
"I1142",8,0
"I1142",9,1
"I1142",10,2
"I1142",11,0
"I1142",12,0
"I1142",13,0
"I1142",14,0
"I1142",15,0
"I1142",16,0
"I1142",17,0
"I1142",18,0
"I1142",19,0
"I1142",20,0
"I1142",21,0
"I1145",4,0
"I1145",5,0
"I1145",6,1
"I1145",7,0
"I1145",8,0
"I1145",9,1
"I1145",10,0
"I1145",11,1
"I1145",12,0
"I1145",13,0
"I1145",14,0
"I1145",15,1
"I1157",4,0
"I1157",5,0
"I1157",6,0
"I1157",7,0
"I1157",8,0
"I1157",9,0
"I1157",10,0
"I1157",11,0
"I1157",12,0
"I1157",13,0
"I1157",14,0
"I1157",15,0
"I1157",16,0
"I1157",17,0
"I1157",18,0
"I1157",19,0
"I1164",4,0
"I1164",5,0
"I1164",6,1
"I1164",7,0
"I1164",8,0
"I1164",9,0
"I1164",10,0
"I1164",11,0
"I1164",12,0
"I1164",13,0
"I1164",14,0
"I1164",15,0
"I1164",16,0
"I1164",17,1
"I1164",18,0
"I1165",4,0
"I1165",5,1
"I1165",6,1
"I1165",7,0
"I1165",8,0
"I1165",9,0
"I1165",10,0
"I1165",11,1
"I1165",12,1
"I1165",13,0
"I1165",14,1
"I1175",4,0
"I1175",5,0
"I1175",6,0
"I1175",7,1
"I1175",8,0
"I1175",9,0
"I1175",10,0
"I1175",11,0
"I1175",12,0
"I1175",13,0
"I1175",14,0
"I1175",15,0
"I1175",16,0
"I1175",17,0
"I1175",18,0
"I1175",19,0
"I1175",20,0
"I1175",21,0
"I1175",22,0
"I1175",23,0
"I1175",24,0
"I1175",25,0
"I1175",26,0
"I1175",27,0
"I1177",4,0
"I1177",5,1
"I1177",6,0
"I1177",7,1
"I1177",8,0
"I1177",9,0
"I1177",10,0
"I1177",11,0
"I1177",12,0
"I1177",13,0
"I1177",14,0
"I1177",15,0
"I1177",16,0
"I1177",17,0
"I1177",18,0
"I1177",19,0
"I1180",4,0
"I1180",5,0
"I1180",6,0
"I1180",7,0
"I1180",8,0
"I1180",9,0
"I1180",10,0
"I1180",11,0
"I1180",12,0
"I1180",13,0
"I1180",14,0
"I1180",15,0
"I1180",16,0
"I1180",17,0
"I1180",18,0
"I1180",19,0
"I1180",20,0
"I1180",21,0
"I1180",22,0
"I1180",23,0
"I1180",24,0
"I1180",25,0
"I1180",26,0
"I1180",27,0
"I1180",28,0
"I1180",29,0
"I1180",30,0
"I1180",31,0
"I1180",32,0
"I1185",4,0
"I1185",5,0
"I1185",6,0
"I1185",7,1
"I1185",8,0
"I1185",9,0
"I1185",10,3
"I1185",11,1
"I1185",12,0
"I1185",13,0
"I1185",14,0
"I1185",15,0
"I1185",16,0
"I1185",17,0
"I1185",18,0
"I1185",19,0
"I1185",20,0
"I1185",21,0
"I1185",22,0
"I1185",23,1
"I1185",24,0
"I1185",25,0
"I1185",26,1
"I1185",27,0
"I1185",28,0
"I1186",4,0
"I1186",5,0
"I1186",6,0
"I1186",7,0
"I1186",8,1
"I1186",9,0
"I1186",10,0
"I1186",11,1
"I1186",12,0
"I1186",13,1
"I1186",14,0
"I1186",15,0
"I1186",16,0
"I1186",17,0
"I1186",18,0
"I1186",19,0
"I1186",20,0
"I1186",21,0
"I1186",22,0
"I1186",23,0
"I1186",24,0
"I1186",25,0
"I1186",26,0
"I1186",27,0
"I1186",28,0
"I1186",29,0
"I1186",30,0
"I1186",31,0
"I1186",32,0
"I1196",4,0
"I1196",5,0
"I1196",6,0
"I1196",7,0
"I1196",8,0
"I1196",9,0
"I1196",10,0
"I1196",11,0
"I1196",12,0
"I1196",13,0
"I1196",14,0
"I1196",15,0
"I1196",16,0
"I1196",17,0
"I1196",18,0
"I1196",19,0
"I1196",20,1
"I1196",21,0
"I1196",22,0
"I1205",4,0
"I1205",5,0
"I1205",6,0
"I1205",7,0
"I1205",8,0
"I1205",9,0
"I1205",10,0
"I1205",11,0
"I1205",12,0
"I1205",13,0
"I1205",14,0
"I1205",15,0
"I1205",16,0
"I1205",17,0
"I1205",18,0
"I1205",19,0
"I1205",20,0
"I1205",21,1
"I1205",22,0
"I1205",23,1
"I1205",24,1
"I1205",25,0
"I1205",26,0
"I1205",27,0
"I1205",28,0
"I1205",29,0
"I1205",30,0
"I1205",31,0
"I1205",32,0
"I1208",4,0
"I1208",5,0
"I1208",6,1
"I1208",7,0
"I1208",8,1
"I1208",9,0
"I1208",10,0
"I1208",11,0
"I1208",12,0
"I1208",13,0
"I1208",14,0
"I1208",15,0
"I1208",16,0
"I1208",17,0
"I1208",18,0
"I1208",19,0
"I1208",20,0
"I1208",21,0
"I1208",22,0
"I1208",23,0
"I1208",24,0
"I1208",25,0
"I1208",26,0
"I1212",4,0
"I1212",5,0
"I1212",6,0
"I1212",7,0
"I1212",8,1
"I1212",9,0
"I1212",10,0
"I1212",11,0
"I1212",12,0
"I1212",13,0
"I1212",14,0
"I1212",15,0
"I1212",16,0
"I1212",17,0
"I1212",18,0
"I1242",4,0
"I1242",5,0
"I1242",6,0
"I1242",7,0
"I1242",8,0
"I1242",9,0
"I1242",10,0
"I1242",11,0
"I1242",12,0
"I1242",13,0
"I1242",14,1
"I1242",15,0
"I1242",16,0
"I1242",17,0
"I1242",18,0
"I1242",19,0
"I1242",20,0
"I1242",21,0
"I1242",22,0
"I1242",23,0
"I1242",24,0
"I1242",25,0
"I1242",26,0
"I1242",27,0
"I1242",28,0
"I1242",29,0
"I1242",30,0
"I1243",4,0
"I1243",5,0
"I1243",6,1
"I1243",7,0
"I1243",8,0
"I1243",9,0
"I1243",10,0
"I1243",11,2
"I1243",12,0
"I1243",13,0
"I1243",14,0
"I1255",4,0
"I1255",5,0
"I1255",6,0
"I1255",7,0
"I1255",8,0
"I1255",9,0
"I1255",10,0
"I1255",11,0
"I1255",12,0
"I1255",13,0
"I1255",14,0
"I1255",15,0
"I1255",16,0
"I1255",17,0
"I1255",18,1
"I1255",19,0
"I1255",20,0
"I1255",21,0
"I1255",22,0
"I1255",23,0
"I1255",24,0
"I1255",25,0
"I1260",4,0
"I1260",5,0
"I1260",6,0
"I1260",7,0
"I1260",8,0
"I1260",9,0
"I1260",10,1
"I1260",11,1
"I1260",12,0
"I1260",13,0
"I1260",14,0
"I1260",15,1
"I1260",16,0
"I1260",17,0
"I1260",18,1
"I1260",19,0
"I1260",20,0
"I1260",21,1
"I1260",22,0
"I1260",23,1
"I1260",24,0
"I1260",25,0
"I1260",26,0
"I1260",27,0
"I1260",28,0
"I1260",29,0
"I1260",30,0
"I1260",31,0
"I1260",32,0
"I1260",33,0
"I1262",4,0
"I1262",5,0
"I1262",6,1
"I1262",7,0
"I1262",8,0
"I1262",9,0
"I1262",10,0
"I1262",11,0
"I1262",12,2
"I1262",13,1
"I1262",14,0
"I1262",15,0
"I1262",16,0
"I1262",17,0
"I1262",18,0
"I1262",19,0
"I1262",20,0
"I1262",21,0
"I1262",22,0
"I1262",23,0
"I1262",24,0
"I1262",25,0
"I1262",26,0
"I1262",27,0
"I1262",28,0
"I1262",29,0
"I1262",30,1
"I1262",31,0
"I1280",4,0
"I1280",5,0
"I1280",6,1
"I1280",7,0
"I1280",8,0
"I1280",9,0
"I1280",10,1
"I1280",11,0
"I1280",12,0
"I1280",13,0
"I1280",14,0
"I1280",15,0
"I1280",16,0
"I1280",17,1
"I1280",18,0
"I1280",19,0
"I1280",20,0
"I1280",21,0
"I1280",22,0
"I1280",23,0
"I1280",24,0
"I1280",25,1
"I1280",26,0
"I1287",4,0
"I1287",5,0
"I1287",6,0
"I1287",7,1
"I1287",8,2
"I1287",9,0
"I1287",10,0
"I1287",11,0
"I1287",12,1
"I1287",13,0
"I1287",14,0
"I1287",15,0
"I1287",16,0
"I1287",17,0
"I1287",18,0
"I1287",19,0
"I1287",20,0
"I1287",21,0
"I1287",22,0
"I1287",23,0
"I1287",24,0
"I1287",25,0
"I1287",26,0
"I1290",4,0
"I1290",5,0
"I1290",6,0
"I1290",7,0
"I1290",8,0
"I1290",9,0
"I1290",10,0
"I1290",11,0
"I1290",12,1
"I1290",13,0
"I1290",14,0
"I1295",4,1
"I1295",5,0
"I1295",6,0
"I1295",7,0
"I1295",8,0
"I1295",9,0
"I1295",10,0
"I1295",11,0
"I1295",12,0
"I1295",13,0
"I1295",14,1
"I1295",15,0
"I1295",16,0
"I1295",17,0
"I1295",18,0
"I1295",19,0
"I1295",20,0
"I1295",21,0
"I1295",22,0
"I1295",23,0
"I1295",24,0
"I1295",25,1
"I1295",26,0
"I1295",27,0
"I1295",28,0
"I1302",4,0
"I1302",5,0
"I1302",6,1
"I1302",7,0
"I1302",8,0
"I1302",9,0
"I1302",10,0
"I1302",11,1
"I1302",12,0
"I1302",13,0
"I1302",14,0
"I1305",4,0
"I1305",5,0
"I1305",6,0
"I1305",7,1
"I1305",8,0
"I1305",9,0
"I1305",10,0
"I1305",11,0
"I1305",12,2
"I1305",13,1
"I1305",14,1
"I1305",15,1
"I1305",16,0
"I1305",17,0
"I1305",18,0
"I1305",19,0
"I1305",20,0
"I1305",21,0
"I1305",22,0
"I1305",23,0
"I1305",24,1
"I1305",25,1
"I1307",4,1
"I1307",5,0
"I1307",6,0
"I1307",7,0
"I1307",8,0
"I1307",9,0
"I1307",10,0
"I1307",11,0
"I1307",12,0
"I1307",13,0
"I1307",14,0
"I1307",15,0
"I1307",16,0
"I1307",17,0
"I1307",18,0
"I1307",19,0
"I1307",20,0
"I1307",21,0
"I1307",22,0
"I1307",23,0
"I1307",24,0
"I1307",25,0
"I1307",26,0
"I1307",27,0
"I1307",28,0
"I1307",29,0
"I1318",4,0
"I1318",5,1
"I1318",6,0
"I1318",7,0
"I1318",8,2
"I1318",9,0
"I1318",10,0
"I1318",11,0
"I1318",12,0
"I1318",13,0
"I1318",14,0
"I1318",15,0
"I1318",16,0
"I1318",17,1
"I1318",18,0
"I1318",19,0
"I1318",20,0
"I1318",21,0
"I1324",4,0
"I1324",5,0
"I1324",6,0
"I1324",7,0
"I1324",8,0
"I1324",9,0
"I1324",10,0
"I1324",11,0
"I1324",12,2
"I1324",13,0
"I1324",14,0
"I1324",15,0
"I1324",16,0
"I1324",17,0
"I1324",18,1
"I1324",19,0
"I1324",20,0
"I1324",21,0
"I1324",22,0
"I1324",23,1
"I1324",24,0
"I1324",25,0
"I1324",26,0
"I1324",27,0
"I1324",28,0
"I1324",29,0
"I1324",30,0
"I1324",31,0
"I1324",32,0
"I1324",33,0
"I1337",4,0
"I1337",5,0
"I1337",6,1
"I1337",7,0
"I1341",4,0
"I1341",5,0
"I1341",6,0
"I1341",7,0
"I1341",8,0
"I1341",9,0
"I1341",10,0
"I1341",11,0
"I1341",12,0
"I1341",13,0
"I1341",14,0
"I1341",15,0
"I1341",16,0
"I1345",4,0
"I1345",5,0
"I1345",6,0
"I1345",7,0
"I1345",8,0
"I1345",9,0
"I1345",10,0
"I1345",11,0
"I1345",12,0
"I1345",13,0
"I1345",14,0
"I1345",15,0
"I1345",16,0
"I1345",17,0
"I1345",18,0
"I1345",19,0
"I1345",20,0
"I1345",21,0
"I1345",22,0
"I1345",23,0
"I1345",24,0
"I1345",25,0
"I1345",26,0
"I1345",27,0
"I1345",28,0
"I1345",29,0
"I1345",30,0
"I1357",4,0
"I1357",5,0
"I1357",6,0
"I1357",7,1
"I1357",8,0
"I1357",9,0
"I1357",10,0
"I1357",11,1
"I1357",12,0
"I1357",13,0
"I1357",14,0
"I1357",15,0
"I1357",16,0
"I1357",17,0
"I1357",18,0
"I1357",19,1
"I1357",20,1
"I1357",21,0
"I1357",22,0
"I1357",23,0
"I1357",24,0
"I1357",25,1
"I1357",26,0
"I1357",27,0
"I1357",28,0
"I1357",29,0
"I1357",30,0
"I1361",4,0
"I1361",5,0
"I1361",6,0
"I1361",7,0
"I1361",8,1
"I1361",9,0
"I1361",10,0
"I1361",11,1
"I1361",12,0
"I1361",13,0
"I1361",14,0
"I1361",15,0
"I1361",16,0
"I1361",17,0
"I1361",18,0
"I1361",19,0
"I1361",20,0
"I1361",21,0
"I1361",22,0
"I1361",23,1
"I1361",24,0
"I1361",25,1
"I1361",26,0
"I1361",27,0
"I1361",28,0
"I1361",29,0
"I1361",30,0
"I1361",31,0
"I1364",4,0
"I1364",5,0
"I1364",6,1
"I1364",7,0
"I1364",8,0
"I1364",9,0
"I1364",10,0
"I1364",11,0
"I1364",12,0
"I1364",13,0
"I1364",14,0
"I1364",15,1
"I1364",16,0
"I1364",17,0
"I1364",18,0
"I1364",19,0
"I1364",20,0
"I1364",21,0
"I1364",22,0
"I1364",23,0
"I1364",24,0
"I1373",4,1
"I1373",5,0
"I1373",6,0
"I1373",7,0
"I1373",8,1
"I1373",9,0
"I1373",10,0
"I1373",11,1
"I1373",12,1
"I1373",13,2
"I1373",14,0
"I1373",15,1
"I1373",16,0
"I1373",17,0
"I1373",18,0
"I1375",4,0
"I1375",5,0
"I1375",6,0
"I1375",7,0
"I1375",8,0
"I1375",9,0
"I1375",10,1
"I1375",11,1
"I1375",12,0
"I1375",13,0
"I1375",14,0
"I1375",15,0
"I1375",16,0
"I1375",17,0
"I1375",18,0
"I1375",19,1
"I1375",20,0
"I1375",21,0
"I1375",22,0
"I1375",23,0
"I1375",24,0
"I1375",25,0
"I1375",26,0
"I1375",27,0
"I1375",28,0
"I1375",29,0
"I1377",4,0
"I1377",5,0
"I1377",6,0
"I1377",7,0
"I1377",8,0
"I1377",9,1
"I1377",10,0
"I1377",11,0
"I1377",12,0
"I1377",13,1
"I1377",14,0
"I1377",15,0
"I1377",16,0
"I1377",17,0
"I1377",18,0
"I1377",19,0
"I1377",20,0
"I1377",21,0
"I1377",22,0
"I1388",4,0
"I1388",5,0
"I1388",6,0
"I1388",7,0
"I1388",8,0
"I1388",9,0
"I1388",10,1
"I1388",11,0
"I1388",12,1
"I1388",13,0
"I1388",14,0
"I1388",15,0
"I1388",16,0
"I1388",17,0
"I1388",18,0
"I1388",19,0
"I1388",20,0
"I1388",21,0
"I1388",22,0
"I1388",23,0
"I1388",24,0
"I1388",25,0
"I1388",26,0
"I1388",27,0
"I1388",28,0
"I1396",4,0
"I1396",5,0
"I1396",6,0
"I1396",7,0
"I1396",8,1
"I1396",9,0
"I1396",10,0
"I1396",11,0
"I1396",12,1
"I1396",13,0
"I1396",14,0
"I1396",15,0
"I1396",16,0
"I1403",4,0
"I1403",5,0
"I1403",6,0
"I1403",7,0
"I1403",8,0
"I1403",9,0
"I1403",10,0
"I1403",11,0
"I1403",12,0
"I1403",13,1
"I1403",14,0
"I1403",15,0
"I1403",16,0
"I1403",17,0
"I1403",18,0
"I1403",19,0
"I1403",20,0
"I1403",21,0
"I1403",22,0
"I1403",23,0
"I1403",24,0
"I1403",25,1
"I1414",4,0
"I1414",5,0
"I1422",4,1
"I1422",5,0
"I1422",6,0
"I1422",7,0
"I1422",8,0
"I1422",9,0
"I1422",10,0
"I1422",11,0
"I1422",12,0
"I1422",13,1
"I1422",14,0
"I1426",4,0
"I1426",5,0
"I1426",6,0
"I1426",7,1
"I1426",8,0
"I1426",9,1
"I1426",10,1
"I1426",11,1
"I1426",12,2
"I1426",13,0
"I1426",14,1
"I1426",15,0
"I1426",16,0
"I1426",17,0
"I1426",18,0
"I1426",19,0
"I1426",20,0
"I1426",21,0
"I1426",22,0
"I1426",23,0
"I1426",24,0
"I1426",25,0
"I1426",26,1
"I1426",27,0
"I1426",28,0
"I1426",29,0
"I1426",30,0
"I1446",4,0
"I1446",5,0
"I1446",6,1
"I1446",7,0
"I1446",8,0
"I1446",9,0
"I1446",10,0
"I1446",11,0
"I1446",12,0
"I1446",13,1
"I1446",14,0
"I1446",15,0
"I1446",16,0
"I1446",17,0
"I1446",18,1
"I1446",19,0
"I1446",20,0
"I1446",21,0
"I1446",22,1
"I1446",23,1
"I1446",24,0
"I1446",25,0
"I1446",26,0
"I1446",27,0
"I1446",28,0
"I1446",29,0
"I1446",30,0
"I1454",4,0
"I1454",5,0
"I1454",6,0
"I1454",7,0
"I1454",8,0
"I1454",9,0
"I1454",10,0
"I1454",11,1
"I1454",12,0
"I1454",13,0
"I1454",14,0
"I1454",15,0
"I1454",16,0
"I1454",17,0
"I1454",18,0
"I1454",19,0
"I1454",20,0
"I1454",21,0
"I1454",22,0
"I1454",23,0
"I1454",24,0
"I1454",25,0
"I1454",26,0
"I1454",27,0
"I1454",28,0
"I1454",29,0
"I1454",30,0
"I1454",31,0
"I1454",32,0
"I1454",33,0
"I1454",34,0
"I1454",35,0
"I1454",36,0
"I1454",37,0
"I1454",38,0
"I1454",39,0
"I1454",40,0
"I1460",4,0
"I1460",5,0
"I1460",6,0
"I1463",4,0
"I1463",5,0
"I1463",6,0
"I1463",7,0
"I1463",8,0
"I1463",9,0
"I1463",10,1
"I1463",11,1
"I1463",12,1
"I1463",13,0
"I1463",14,0
"I1463",15,2
"I1463",16,0
"I1463",17,0
"I1463",18,0
"I1463",19,0
"I1463",20,0
"I1463",21,0
"I1463",22,0
"I1463",23,0
"I1463",24,0
"I1463",25,0
"I1466",4,0
"I1466",5,0
"I1466",6,0
"I1466",7,0
"I1466",8,0
"I1466",9,1
"I1466",10,0
"I1466",11,0
"I1466",12,1
"I1466",13,0
"I1466",14,0
"I1466",15,2
"I1466",16,0
"I1466",17,0
"I1466",18,0
"I1466",19,2
"I1466",20,0
"I1466",21,0
"I1466",22,0
"I1466",23,0
"I1466",24,0
"I1471",4,0
"I1471",5,0
"I1471",6,0
"I1471",7,0
"I1471",8,0
"I1471",9,0
"I1471",10,0
"I1471",11,0
"I1471",12,1
"I1471",13,0
"I1471",14,0
"I1471",15,0
"I1471",16,0
"I1471",17,0
"I1471",18,1
"I1471",19,0
"I1471",20,0
"I1471",21,0
"I1471",22,0
"I1471",23,0
"I1471",24,0
"I1471",25,2
"I1476",4,0
"I1476",5,0
"I1476",6,0
"I1476",7,0
"I1476",8,0
"I1476",9,0
"I1476",10,0
"I1476",11,0
"I1476",12,0
"I1476",13,0
"I1476",14,0
"I1476",15,1
"I1476",16,0
"I1476",17,0
"I1476",18,1
"I1476",19,0
"I1476",20,0
"I1476",21,0
"I1476",22,0
"I1476",23,0
"I1476",24,0
"I1476",25,0
"I1476",26,0
"I1476",27,0
"I1476",28,0
"I1476",29,0
"I1476",30,0
"I1476",31,0
"I1476",32,0
"I1476",33,0
"I1476",34,0
"I1476",35,0
"I1476",36,0
"I1489",4,0
"I1489",5,1
"I1489",6,1
"I1489",7,0
"I1489",8,1
"I1489",9,1
"I1489",10,0
"I1489",11,0
"I1489",12,0
"I1489",13,1
"I1489",14,0
"I1493",4,0
"I1493",5,1
"I1493",6,0
"I1531",4,0
"I1531",5,0
"I1531",6,0
"I1531",7,0
"I1531",8,0
"I1531",9,0
"I1531",10,1
"I1531",11,0
"I1531",12,0
"I1531",13,0
"I1531",14,0
"I1531",15,1
"I1531",16,0
"I1531",17,0
"I1531",18,1
"I1531",19,0
"I1531",20,0
"I1531",21,0
"I1531",22,0
"I1531",23,0
"I1531",24,0
"I1531",25,0
"I1531",26,0
"I1531",27,0
"I1531",28,0
"I1531",29,0
"I1537",4,0
"I1537",5,0
"I1537",6,0
"I1537",7,0
"I1537",8,0
"I1537",9,0
"I1537",10,0
"I1537",11,0
"I1537",12,1
"I1537",13,0
"I1537",14,0
"I1537",15,0
"I1540",4,0
"I1540",5,1
"I1540",6,0
"I1540",7,0
"I1540",8,0
"I1551",4,0
"I1551",5,1
"I1551",6,0
"I1551",7,1
"I1551",8,0
"I1551",9,0
"I1551",10,0
"I1551",11,0
"I1551",12,0
"I1551",13,0
"I1551",14,0
"I1551",15,0
"I1551",16,0
"I1551",17,0
"I1551",18,0
"I1551",19,0
"I1551",20,0
"I1551",21,0
"I1551",22,0
"I1551",23,0
"I1551",24,1
"I1551",25,0
"I1551",26,0
"I1551",27,0
"I1551",28,0
"I1551",29,0
"I1573",4,0
"I1573",5,0
"I1573",6,0
"I1573",7,0
"I1573",8,1
"I1573",9,0
"I1573",10,0
"I1573",11,1
"I1573",12,1
"I1573",13,1
"I1573",14,1
"I1573",15,0
"I1573",16,0
"I1573",17,0
"I1573",18,0
"I1573",19,0
"I1573",20,0
"I1573",21,0
"I1573",22,0
"I1573",23,0
"I1573",24,0
"I1573",25,0
"I1581",4,0
"I1581",5,2
"I1581",6,0
"I1581",7,2
"I1581",8,0
"I1581",9,0
"I1581",10,0
"I1581",11,0
"I1581",12,1
"I1581",13,2
"I1581",14,0
"I1581",15,0
"I1581",16,0
"I1581",17,1
"I1581",18,0
"I1581",19,0
"I1581",20,1
"I1581",21,0
"I1581",22,0
"I1581",23,0
"I1586",4,0
"I1586",5,0
"I1586",6,1
"I1586",7,0
"I1586",8,0
"I1586",9,0
"I1586",10,0
"I1586",11,0
"I1586",12,0
"I1586",13,0
"I1586",14,0
"I1586",15,0
"I1586",16,0
"I1586",17,0
"I1586",18,0
"I1586",19,0
"I1586",20,0
"I1586",21,0
"I1596",4,0
"I1596",5,0
"I1596",6,0
"I1596",7,0
"I1596",8,0
"I1596",9,0
"I1596",10,0
"I1596",11,0
"I1596",12,0
"I1596",13,0
"I1596",14,1
"I1596",15,0
"I1596",16,0
"I1596",17,0
"I1596",18,1
"I1596",19,0
"I1596",20,0
"I1596",21,0
"I1596",22,0
"I1596",23,0
"I1596",24,0
"I1596",25,0
"I1596",26,0
"I1596",27,0
"I1599",4,1
"I1599",5,0
"I1599",6,0
"I1599",7,1
"I1599",8,1
"I1599",9,0
"I1599",10,0
"I1599",11,0
"I1599",12,1
"I1599",13,0
"I1599",14,2
"I1599",15,0
"I1599",16,0
"I1600",4,0
"I1600",5,1
"I1600",6,0
"I1600",7,0
"I1600",8,0
"I1600",9,0
"I1600",10,0
"I1600",11,0
"I1600",12,1
"I1600",13,0
"I1600",14,0
"I1600",15,0
"I1600",16,0
"I1600",17,0
"I1600",18,0
"I1610",4,0
"I1610",5,0
"I1610",6,0
"I1610",7,0
"I1610",8,0
"I1610",9,1
"I1610",10,0
"I1610",11,0
"I1610",12,0
"I1610",13,0
"I1610",14,0
"I1610",15,0
"I1610",16,0
"I1610",17,0
"I1610",18,0
"I1610",19,0
"I1610",20,0
"I1610",21,0
"I1610",22,0
"I1610",23,0
"I1610",24,0
"I1610",25,0
"I1610",26,0
"I1610",27,0
"I1610",28,0
"I1610",29,0
"I1610",30,0
"I1610",31,0
"I1631",4,0
"I1631",5,1
"I1631",6,1
"I1631",7,0
"I1631",8,0
"I1631",9,1
"I1631",10,0
"I1631",11,2
"I1631",12,0
"I1631",13,0
"I1631",14,0
"I1631",15,0
"I1631",16,0
"I1631",17,0
"I1631",18,1
"I1631",19,0
"I1631",20,0
"I1631",21,0
"I1631",22,0
"I1631",23,0
"I1631",24,0
"I1655",4,0
"I1655",5,0
"I1655",6,0
"I1655",7,0
"I1655",8,0
"I1655",9,0
"I1655",10,1
"I1655",11,1
"I1655",12,0
"I1655",13,0
"I1655",14,0
"I1655",15,0
"I1655",16,0
"I1656",4,0
"I1656",5,0
"I1656",6,0
"I1656",7,0
"I1656",8,0
"I1656",9,0
"I1656",10,0
"I1656",11,0
"I1656",12,0
"I1656",13,0
"I1656",14,0
"I1656",15,0
"I1656",16,1
"I1656",17,0
"I1656",18,0
"I1656",19,0
"I1656",20,0
"I1656",21,0
"I1656",22,0
"I1656",23,0
"I1656",24,0
"I1656",25,0
"I1656",26,0
"I1656",27,0
"I1656",28,0
"I1656",29,0
"I1656",30,1
"I1656",31,0
"I1656",32,0
"I1656",33,0
"I1656",34,0
"I1656",35,0
"I1656",36,0
"I1661",4,0
"I1661",5,0
"I1661",6,0
"I1661",7,0
"I1661",8,0
"I1661",9,0
"I1661",10,0
"I1661",11,1
"I1661",12,0
"I1661",13,0
"I1661",14,0
"I1661",15,0
"I1661",16,0
"I1661",17,0
"I1661",18,0
"I1661",19,0
"I1661",20,0
"I1661",21,1
"I1661",22,0
"I1661",23,0
"I1667",4,0
"I1667",5,1
"I1667",6,0
"I1667",7,0
"I1667",8,0
"I1667",9,1
"I1667",10,0
"I1667",11,1
"I1667",12,0
"I1667",13,1
"I1667",14,0
"I1667",15,0
"I1667",16,0
"I1667",17,0
"I1667",18,0
"I1667",19,0
"I1667",20,1
"I1667",21,0
"I1667",22,0
"I1667",23,0
"I1726",4,0
"I1726",5,0
"I1726",6,1
"I1726",7,0
"I1726",8,1
"I1726",9,0
"I1726",10,1
"I1726",11,0
"I1726",12,0
"I1726",13,0
"I1726",14,0
"I1726",15,0
"I1751",4,0
"I1751",5,1
"I1751",6,0
"I1751",7,0
"I1751",8,0
"I1751",9,0
"I1751",10,0
"I1751",11,0
"I1751",12,0
"I1751",13,0
"I1751",14,0
"I1751",15,0
"I1751",16,0
"I1751",17,0
"I1751",18,2
"I1751",19,0
"I1751",20,0
"I1751",21,0
"I1751",22,0
"I1751",23,0
"I1763",4,0
"I1763",5,0
"I1763",6,1
"I1763",7,0
"I1763",8,0
"I1763",9,0
"I1763",10,0
"I1763",11,1
"I1763",12,0
"I1763",13,0
"I1763",14,0
"I1763",15,0
"I1763",16,0
"I1763",17,0
"I1763",18,0
"I1763",19,1
"I1763",20,1
"I1763",21,0
"I1763",22,0
"I1763",23,0
"I1763",24,0
"I1763",25,0
"I1763",26,0
"I1763",27,0
"I1763",28,0
"I1763",29,0
"I1763",30,0
"I1763",31,0
"I1771",4,0
"I1771",5,0
"I1771",6,0
"I1771",7,0
"I1771",8,0
"I1771",9,0
"I1771",10,0
"I1771",11,0
"I1771",12,0
"I1771",13,0
"I1771",14,0
"I1771",15,0
"I1771",16,0
"I1771",17,1
"I1771",18,0
"I1771",19,0
"I1771",20,0
"I1771",21,0
"I1771",22,0
"I1771",23,0
"I1771",24,0
"I1771",25,0
"I1771",26,0
"I1771",27,0
"I1771",28,0
"I1771",29,0
"I1771",30,1
"I1771",31,0
"I1771",32,0
"I1771",33,0
"I1771",34,0
"I1771",35,0
"I1771",36,0
"I1771",37,0
"I1774",4,1
"I1774",5,0
"I1774",6,1
"I1774",7,0
"I1774",8,2
"I1774",9,0
"I1774",10,1
"I1774",11,0
"I1774",12,0
"I1774",13,0
"I1774",14,1
"I1774",15,0
"I1774",16,1
"I1774",17,0
"I1774",18,1
"I1774",19,0
"I1774",20,0
"I1774",21,0
"I1774",22,0
"I1774",23,0
"I1774",24,0
"I1774",25,0
"I1774",26,0
"I1774",27,0
"I1774",28,0
"I1774",29,0
"I1774",30,0
"I1774",31,0
"I1804",4,1
"I1804",5,0
"I1804",6,0
"I1804",7,0
"I1804",8,0
"I1804",9,0
"I1804",10,0
"I1804",11,1
"I1804",12,1
"I1804",13,0
"I1804",14,0
"I1804",15,0
"I1809",4,0
"I1809",5,0
"I1809",6,0
"I1809",7,0
"I1809",8,0
"I1809",9,0
"I1809",10,0
"I1809",11,0
"I1809",12,0
"I1809",13,1
"I1809",14,1
"I1809",15,0
"I1809",16,0
"I1809",17,0
"I1809",18,0
"I1809",19,0
"I1809",20,0
"I1809",21,0
"I1809",22,0
"I1809",23,0
"I1809",24,0
"I1809",25,1
"I1809",26,0
"I1809",27,0
"I1809",28,0
"I1809",29,0
"I1809",30,0
"I1809",31,0
"I1809",32,0
"I1809",33,0
"I1809",34,0
"I1809",35,0
"I1809",36,0
"I1809",37,0
"I1809",38,0
"I1814",4,0
"I1814",5,0
"I1814",6,0
"I1814",7,0
"I1814",8,0
"I1814",9,1
"I1814",10,0
"I1814",11,0
"I1814",12,0
"I1814",13,1
"I1814",14,0
"I1814",15,0
"I1814",16,1
"I1814",17,1
"I1814",18,0
"I1814",19,0
"I1814",20,0
"I1814",21,0
"I1814",22,0
"I1814",23,0
"I1814",24,0
"I1814",25,0
"I1814",26,0
"I1814",27,0
"I1814",28,0
"I1842",4,0
"I1842",5,0
"I1842",6,0
"I1842",7,0
"I1842",8,0
"I1842",9,0
"I1842",10,0
"I1842",11,0
"I1842",12,0
"I1842",13,0
"I1842",14,0
"I1842",15,1
"I1842",16,0
"I1842",17,1
"I1844",4,0
"I1844",5,0
"I1844",6,0
"I1844",7,0
"I1844",8,0
"I1844",9,1
"I1844",10,0
"I1844",11,0
"I1844",12,0
"I1844",13,0
"I1844",14,0
"I1844",15,0
"I1844",16,2
"I1851",4,0
"I1851",5,1
"I1851",6,0
"I1851",7,1
"I1851",8,0
"I1851",9,1
"I1856",4,0
"I1856",5,0
"I1856",6,0
"I1856",7,0
"I1856",8,0
"I1856",9,0
"I1856",10,2
"I1856",11,0
"I1856",12,0
"I1856",13,0
"I1856",14,0
"I1856",15,0
"I1879",4,0
"I1879",5,0
"I1879",6,0
"I1879",7,0
"I1879",8,1
"I1879",9,1
"I1879",10,1
"I1879",11,0
"I1879",12,0
"I1879",13,0
"I1879",14,0
"I1879",15,1
"I1879",16,1
"I1879",17,0
"I1879",18,0
"I1879",19,1
"I1879",20,0
"I1879",21,0
"I1879",22,0
"I1879",23,0
"I1879",24,0
"I1879",25,0
"I1879",26,0
"I1879",27,0
"I1895",4,0
"I1895",5,0
"I1895",6,0
"I1895",7,1
"I1895",8,0
"I1895",9,0
"I1895",10,0
"I1895",11,1
"I1895",12,1
"I1895",13,1
"I1895",14,0
"I1895",15,0
"I1895",16,0
"I1895",17,0
"I1895",18,1
"I1895",19,2
"I1895",20,0
"I1895",21,0
"I1895",22,0
"I1895",23,0
"I1895",24,0
"I1895",25,2
"I1895",26,0
"I1901",4,0
"I1901",5,0
"I1910",4,0
"I1910",5,0
"I1910",6,0
"I1910",7,1
"I1910",8,0
"I1910",9,0
"I1910",10,0
"I1910",11,0
"I1910",12,0
"I1910",13,0
"I1910",14,0
"I1910",15,0
"I1910",16,2
"I1910",17,0
"I1910",18,0
"I1910",19,0
"I1910",20,0
"I1910",21,0
"I1910",22,0
"I1910",23,1
"I1910",24,0
"I1913",4,0
"I1913",5,0
"I1913",6,0
"I1913",7,0
"I1913",8,0
"I1913",9,0
"I1913",10,0
"I1913",11,0
"I1913",12,0
"I1913",13,0
"I1913",14,0
"I1913",15,1
"I1913",16,1
"I1913",17,0
"I1913",18,0
"I1913",19,1
"I1913",20,0
"I1914",4,0
"I1914",5,1
"I1914",6,0
"I1914",7,0
"I1914",8,1
"I1914",9,0
"I1914",10,0
"I1914",11,0
"I1914",12,0
"I1914",13,1
"I1914",14,0
"I1914",15,0
"I1914",16,0
"I1914",17,0
"I1914",18,0
"I1914",19,0
"I1914",20,0
"I1916",4,0
"I1916",5,0
"I1916",6,0
"I1916",7,0
"I1916",8,0
"I1916",9,0
"I1916",10,0
"I1916",11,0
"I1916",12,0
"I1916",13,0
"I1916",14,0
"I1916",15,0
"I1916",16,0
"I1916",17,0
"I1916",18,0
"I1916",19,2
"I1916",20,1
"I1916",21,1
"I1916",22,0
"I1916",23,1
"I1916",24,0
"I1916",25,0
"I1916",26,0
"I1916",27,0
"I1923",4,0
"I1923",5,0
"I1923",6,0
"I1923",7,0
"I1923",8,1
"I1923",9,0
"I1923",10,0
"I1923",11,0
"I1923",12,1
"I1923",13,0
"I1923",14,0
"I1923",15,1
"I1923",16,0
"I1923",17,0
"I1923",18,0
"I1923",19,0
"I1923",20,1
"I1923",21,0
"I1923",22,0
"I1923",23,0
"I1923",24,0
"I1923",25,0
"I1923",26,1
"I1923",27,0
"I1923",28,0
"I1923",29,0
"I1923",30,0
"I1923",31,0
"I1923",32,0
"I1923",33,0
"I1923",34,0
"I1923",35,0
"I1923",36,0
"I1928",4,0
"I1928",5,0
"I1928",6,0
"I1928",7,0
"I1928",8,1
"I1928",9,0
"I1928",10,0
"I1928",11,0
"I1928",12,0
"I1928",13,1
"I1928",14,1
"I1928",15,0
"I1928",16,0
"I1928",17,0
"I1928",18,0
"I1928",19,0
"I1928",20,0
"I1928",21,0
"I1928",22,0
"I1928",23,0
"I1928",24,0
"I1928",25,0
"I1934",4,0
"I1934",5,0
"I1934",6,0
"I1934",7,0
"I1934",8,1
"I1934",9,0
"I1934",10,0
"I1934",11,0
"I1934",12,0
"I1934",13,0
"I1934",14,0
"I1934",15,1
"I1934",16,0
"I1934",17,0
"I1934",18,1
"I1934",19,0
"I1934",20,0
"I1934",21,0
"I1934",22,0
"I1934",23,0
"I1949",4,0
"I1949",5,0
"I1949",6,1
"I1949",7,0
"I1949",8,0
"I1949",9,0
"I1949",10,0
"I1949",11,1
"I1949",12,0
"I1949",13,0
"I1949",14,0
"I1949",15,1
"I1949",16,1
"I1949",17,0
"I1949",18,0
"I1949",19,1
"I1949",20,0
"I1949",21,0
"I1949",22,0
"I1949",23,0
"I1949",24,0
"I1949",25,0
"I1949",26,0
"I1949",27,1
"I1949",28,0
"I1949",29,0
"I1949",30,0
"I1949",31,0
"I1949",32,0
"I1949",33,0
"I1949",34,0
"I1949",35,0
"I1949",36,0
"I1949",37,0
"I1977",4,0
"I1977",5,0
"I1977",6,1
"I1977",7,0
"I1977",8,0
"I1977",9,0
"I1977",10,0
"I1977",11,0
"I1977",12,0
"I1977",13,0
"I1977",14,1
"I1977",15,0
"I1977",16,0
"I1977",17,0
"I1977",18,0
"I1977",19,0
"I1977",20,1
"I1977",21,0
"I1977",22,0
"I1977",23,0
"I1977",24,0
"I1977",25,0
"I1977",26,0
"I1977",27,0
"I1994",4,0
"I1994",5,0
"I1994",6,0
"I1994",7,0
"I1994",8,0
"I1994",9,0
"I1994",10,0
"I1994",11,0
"I1994",12,0
"I1994",13,0
"I1994",14,0
"I1994",15,0
"I1994",16,0
"I1994",17,0
"I1994",18,0
"I1994",19,0
"I1994",20,1
"I1994",21,0
"I1994",22,0
"I1994",23,0
"I1994",24,0
"I1997",4,0
"I1997",5,0
"I1997",6,0
"I1997",7,0
"I1997",8,0
"I1997",9,0
"I1997",10,0
"I1997",11,0
"I1997",12,0
"I1997",13,0
"I1997",14,1
"I1997",15,0
"I1997",16,0
"I1997",17,0
"I1997",18,0
"I1997",19,0
"I1997",20,0
"I1997",21,0
"I1997",22,0
"I1997",23,0
"I1998",4,0
"I1998",5,0
"I1998",6,0
"I1998",7,0
"I1998",8,0
"I1998",9,0
"I1998",10,0
"I1998",11,0
"I1998",12,0
"I1998",13,1
"I1998",14,0
"I1998",15,0
"I1998",16,0
"I1998",17,0
"I1998",18,0
"I1998",19,0
"I1998",20,0
"I1998",21,0
"I1998",22,0
